State: Top Ten Report Categories,,,
,,,
State,Category,# of Reports,Percentage
Alabama,"Credit Bureaus, Information Furnishers and Report Users","15,966",24%
Alabama,Identity Theft,"12,228",18%
Alabama,Imposter Scams,"7,639",11%
Alabama,Online Shopping and Negative Reviews,"3,534",5%
Alabama,Banks and Lenders,"3,146",5%
Alabama,"Prizes, Sweepstakes and Lotteries","3,110",5%
Alabama,Debt Collection,"2,265",3%
Alabama,Auto Related,"2,183",3%
Alabama,Internet Services,"1,361",2%
Alabama,Telephone and Mobile Services,1270,2%
Alaska,Imposter Scams,1771,24%
Alaska,Identity Theft,839,12%
Alaska,Online Shopping and Negative Reviews,657,9%
Alaska,"Prizes, Sweepstakes and Lotteries",396,5%
Alaska,Banks and Lenders,332,5%
Alaska,Internet Services,281,4%
Alaska,"Credit Bureaus, Information Furnishers and Report Users",274,4%
Alaska,Auto Related,256,4%
Alaska,"Privacy, Data Security, and Cyber Threats",206,3%
Alaska,Investment Related,192,3%
Arizona,Identity Theft,"18,539",18%
Arizona,Imposter Scams,"16,406",16%
Arizona,"Credit Bureaus, Information Furnishers and Report Users","12,226",12%
Arizona,Online Shopping and Negative Reviews,"6,783",6%
Arizona,Banks and Lenders,"4,816",5%
Arizona,Auto Related,"3,927",4%
Arizona,"Prizes, Sweepstakes and Lotteries","3,592",3%
Arizona,Health Care,"3,155",3%
Arizona,Debt Collection,"2,637",3%
Arizona,Internet Services,"2,501",2%
Arkansas,Identity Theft,"5,071",17%
Arkansas,Imposter Scams,"4,403",15%
Arkansas,"Credit Bureaus, Information Furnishers and Report Users","3,714",13%
Arkansas,Online Shopping and Negative Reviews,"2,103",7%
Arkansas,"Prizes, Sweepstakes and Lotteries",1776,6%
Arkansas,Banks and Lenders,1372,5%
Arkansas,Auto Related,1150,4%
Arkansas,Debt Collection,840,3%
Arkansas,Telephone and Mobile Services,722,2%
Arkansas,Internet Services,667,2%
California,Identity Theft,"119,929",23%
California,Imposter Scams,"73,298",14%
California,"Credit Bureaus, Information Furnishers and Report Users","70,483",13%
California,Online Shopping and Negative Reviews,"33,337",6%
California,Banks and Lenders,"26,889",5%
California,Auto Related,"15,388",3%
California,"Prizes, Sweepstakes and Lotteries","13,594",3%
California,Internet Services,"13,179",3%
California,Credit Cards and Loss Protection,"12,849",2%
California,Debt Collection,"11,430",2%
Colorado,Imposter Scams,"13,941",19%
Colorado,Identity Theft,"12,729",17%
Colorado,Online Shopping and Negative Reviews,"6,039",8%
Colorado,Banks and Lenders,"3,873",5%
Colorado,"Credit Bureaus, Information Furnishers and Report Users","3,630",5%
Colorado,Auto Related,"2,855",4%
Colorado,"Prizes, Sweepstakes and Lotteries","2,651",4%
Colorado,Health Care,"2,210",3%
Colorado,Internet Services,"1,985",3%
Colorado,"Privacy, Data Security, and Cyber Threats","1,847",2%
Connecticut,Identity Theft,"13,848",29%
Connecticut,Imposter Scams,"6,318",13%
Connecticut,"Credit Bureaus, Information Furnishers and Report Users","4,366",9%
Connecticut,Online Shopping and Negative Reviews,"3,129",7%
Connecticut,Banks and Lenders,"2,458",5%
Connecticut,Auto Related,"1,715",4%
Connecticut,Credit Cards and Loss Protection,"1,263",3%
Connecticut,Internet Services,1251,3%
Connecticut,"Prizes, Sweepstakes and Lotteries",1111,2%
Connecticut,Health Care,1111,2%
Delaware,"Credit Bureaus, Information Furnishers and Report Users","3,826",21%
Delaware,Identity Theft,"3,523",19%
Delaware,Imposter Scams,2160,12%
Delaware,Online Shopping and Negative Reviews,1131,6%
Delaware,Banks and Lenders,900,5%
Delaware,Auto Related,675,4%
Delaware,"Prizes, Sweepstakes and Lotteries",649,4%
Delaware,Debt Collection,618,3%
Delaware,Credit Cards and Loss Protection,496,3%
Delaware,Internet Services,462,3%
District of Columbia,Identity Theft,"3,268",20%
District of Columbia,"Credit Bureaus, Information Furnishers and Report Users","2,856",18%
District of Columbia,Imposter Scams,2114,13%
District of Columbia,Banks and Lenders,1124,7%
District of Columbia,Online Shopping and Negative Reviews,988,6%
District of Columbia,Credit Cards and Loss Protection,518,3%
District of Columbia,Internet Services,485,3%
District of Columbia,Auto Related,463,3%
District of Columbia,Debt Collection,354,2%
District of Columbia,Health Care,315,2%
Florida,"Credit Bureaus, Information Furnishers and Report Users","96,598",23%
Florida,Identity Theft,"93,547",22%
Florida,Imposter Scams,"45,223",11%
Florida,Online Shopping and Negative Reviews,"20,887",5%
Florida,Banks and Lenders,"19,564",5%
Florida,Auto Related,"14,270",3%
Florida,Debt Collection,"13,098",3%
Florida,"Prizes, Sweepstakes and Lotteries","10,700",3%
Florida,Credit Cards and Loss Protection,"9,404",2%
Florida,Health Care,"8,928",2%
Georgia,"Credit Bureaus, Information Furnishers and Report Users","54,403",25%
Georgia,Identity Theft,"48,606",23%
Georgia,Imposter Scams,"19,575",9%
Georgia,Banks and Lenders,"10,658",5%
Georgia,Online Shopping and Negative Reviews,"8,879",4%
Georgia,Debt Collection,"8,245",4%
Georgia,Auto Related,"7,521",4%
Georgia,"Prizes, Sweepstakes and Lotteries","4,580",2%
Georgia,Credit Cards and Loss Protection,"4,497",2%
Georgia,Internet Services,"3,919",2%
Hawaii,Imposter Scams,"3,055",22%
Hawaii,Identity Theft,"1,773",13%
Hawaii,Online Shopping and Negative Reviews,1114,8%
Hawaii,"Credit Bureaus, Information Furnishers and Report Users",933,7%
Hawaii,"Prizes, Sweepstakes and Lotteries",699,5%
Hawaii,Banks and Lenders,622,5%
Hawaii,Auto Related,444,3%
Hawaii,Internet Services,373,3%
Hawaii,Investment Related,370,3%
Hawaii,Credit Cards and Loss Protection,329,2%
Idaho,Imposter Scams,"3,354",20%
Idaho,Identity Theft,"2,223",13%
Idaho,Online Shopping and Negative Reviews,1553,9%
Idaho,"Prizes, Sweepstakes and Lotteries",885,5%
Idaho,"Credit Bureaus, Information Furnishers and Report Users",818,5%
Idaho,Banks and Lenders,797,5%
Idaho,Auto Related,587,4%
Idaho,Health Care,450,3%
Idaho,Debt Collection,441,3%
Idaho,Internet Services,433,3%
Illinois,Identity Theft,"39,314",22%
Illinois,"Credit Bureaus, Information Furnishers and Report Users","35,713",20%
Illinois,Imposter Scams,"20,996",12%
Illinois,Online Shopping and Negative Reviews,"10,825",6%
Illinois,Banks and Lenders,"8,771",5%
Illinois,Auto Related,"6,622",4%
Illinois,Debt Collection,"4,528",3%
Illinois,"Prizes, Sweepstakes and Lotteries","4,236",2%
Illinois,Internet Services,"4,163",2%
Illinois,Credit Cards and Loss Protection,"4,083",2%
Indiana,Identity Theft,"11,870",17%
Indiana,Imposter Scams,"11,245",16%
Indiana,"Credit Bureaus, Information Furnishers and Report Users","8,837",13%
Indiana,Online Shopping and Negative Reviews,"5,096",7%
Indiana,Banks and Lenders,"3,355",5%
Indiana,"Prizes, Sweepstakes and Lotteries","3,256",5%
Indiana,Auto Related,"2,512",4%
Indiana,Internet Services,"1,777",3%
Indiana,Debt Collection,"1,766",3%
Indiana,Health Care,1708,2%
Iowa,Imposter Scams,"4,602",19%
Iowa,Identity Theft,"4,468",19%
Iowa,Online Shopping and Negative Reviews,"2,180",9%
Iowa,"Credit Bureaus, Information Furnishers and Report Users",1449,6%
Iowa,Banks and Lenders,1212,5%
Iowa,"Prizes, Sweepstakes and Lotteries",1011,4%
Iowa,Auto Related,768,3%
Iowa,Debt Collection,661,3%
Iowa,Internet Services,639,3%
Iowa,Health Care,620,3%
Kansas,Imposter Scams,"5,031",19%
Kansas,Identity Theft,"4,405",17%
Kansas,Online Shopping and Negative Reviews,"2,044",8%
Kansas,"Credit Bureaus, Information Furnishers and Report Users","1,529",6%
Kansas,"Prizes, Sweepstakes and Lotteries",1508,6%
Kansas,Banks and Lenders,1271,5%
Kansas,Auto Related,1031,4%
Kansas,Health Care,833,3%
Kansas,Internet Services,745,3%
Kansas,Debt Collection,744,3%
Kentucky,Imposter Scams,"6,941",18%
Kentucky,Identity Theft,"5,340",14%
Kentucky,Online Shopping and Negative Reviews,"3,381",9%
Kentucky,"Credit Bureaus, Information Furnishers and Report Users","2,746",7%
Kentucky,"Prizes, Sweepstakes and Lotteries","2,261",6%
Kentucky,Banks and Lenders,"2,071",5%
Kentucky,Auto Related,"1,640",4%
Kentucky,Internet Services,"1,134",3%
Kentucky,Telephone and Mobile Services,1071,3%
Kentucky,Health Care,1046,3%
Louisiana,"Credit Bureaus, Information Furnishers and Report Users","16,979",27%
Louisiana,Identity Theft,"12,816",21%
Louisiana,Imposter Scams,"6,703",11%
Louisiana,Online Shopping and Negative Reviews,"2,777",4%
Louisiana,Banks and Lenders,"2,636",4%
Louisiana,Debt Collection,"2,069",3%
Louisiana,"Prizes, Sweepstakes and Lotteries","1,971",3%
Louisiana,Auto Related,"1,779",3%
Louisiana,Internet Services,1125,2%
Louisiana,Telephone and Mobile Services,1124,2%
Maine,Imposter Scams,"2,655",21%
Maine,Identity Theft,1714,13%
Maine,Online Shopping and Negative Reviews,1271,10%
Maine,"Prizes, Sweepstakes and Lotteries",708,6%
Maine,Banks and Lenders,694,5%
Maine,"Credit Bureaus, Information Furnishers and Report Users",449,4%
Maine,Auto Related,445,3%
Maine,Health Care,356,3%
Maine,Internet Services,355,3%
Maine,Credit Cards and Loss Protection,310,2%
Maryland,"Credit Bureaus, Information Furnishers and Report Users","18,410",18%
Maryland,Identity Theft,"18,327",18%
Maryland,Imposter Scams,"14,968",15%
Maryland,Online Shopping and Negative Reviews,"5,833",6%
Maryland,Banks and Lenders,"5,688",6%
Maryland,Auto Related,"3,714",4%
Maryland,"Prizes, Sweepstakes and Lotteries","2,999",3%
Maryland,Debt Collection,"2,696",3%
Maryland,Credit Cards and Loss Protection,"2,317",2%
Maryland,Internet Services,"2,255",2%
Massachusetts,Identity Theft,"24,540",28%
Massachusetts,Imposter Scams,"14,643",17%
Massachusetts,"Credit Bureaus, Information Furnishers and Report Users","7,105",8%
Massachusetts,Online Shopping and Negative Reviews,"6,549",8%
Massachusetts,Banks and Lenders,"4,117",5%
Massachusetts,Auto Related,"2,646",3%
Massachusetts,Internet Services,"2,130",2%
Massachusetts,"Prizes, Sweepstakes and Lotteries","2,055",2%
Massachusetts,Credit Cards and Loss Protection,"1,980",2%
Massachusetts,Health Care,"1,859",2%
Michigan,Identity Theft,"23,621",20%
Michigan,Imposter Scams,"17,466",15%
Michigan,"Credit Bureaus, Information Furnishers and Report Users","16,865",14%
Michigan,Online Shopping and Negative Reviews,"7,978",7%
Michigan,Banks and Lenders,"6,065",5%
Michigan,"Prizes, Sweepstakes and Lotteries","4,549",4%
Michigan,Auto Related,"3,743",3%
Michigan,Debt Collection,"3,413",3%
Michigan,Internet Services,"3,081",3%
Michigan,Telephone and Mobile Services,"2,782",2%
Minnesota,Imposter Scams,"10,576",20%
Minnesota,Identity Theft,"8,063",15%
Minnesota,Online Shopping and Negative Reviews,"4,537",9%
Minnesota,"Credit Bureaus, Information Furnishers and Report Users","3,376",6%
Minnesota,Banks and Lenders,"3,038",6%
Minnesota,"Prizes, Sweepstakes and Lotteries","2,393",5%
Minnesota,Auto Related,"1,719",3%
Minnesota,Health Care,1411,3%
Minnesota,Internet Services,1359,3%
Minnesota,Credit Cards and Loss Protection,1204,2%
Mississippi,"Credit Bureaus, Information Furnishers and Report Users","6,982",21%
Mississippi,Identity Theft,"6,663",20%
Mississippi,Imposter Scams,"3,823",11%
Mississippi,Online Shopping and Negative Reviews,"1,759",5%
Mississippi,Banks and Lenders,"1,557",5%
Mississippi,"Prizes, Sweepstakes and Lotteries","1,509",5%
Mississippi,Auto Related,1219,4%
Mississippi,Debt Collection,1176,4%
Mississippi,Telephone and Mobile Services,638,2%
Mississippi,Internet Services,632,2%
Missouri,Imposter Scams,"10,437",15%
Missouri,Identity Theft,"9,873",14%
Missouri,"Credit Bureaus, Information Furnishers and Report Users","9,201",13%
Missouri,Online Shopping and Negative Reviews,"5,272",7%
Missouri,Banks and Lenders,"3,717",5%
Missouri,Auto Related,"3,515",5%
Missouri,"Prizes, Sweepstakes and Lotteries","3,228",5%
Missouri,Health Care,"2,077",3%
Missouri,Telephone and Mobile Services,"1,991",3%
Missouri,Debt Collection,1974,3%
Montana,Imposter Scams,"2,161",22%
Montana,Identity Theft,1354,14%
Montana,Online Shopping and Negative Reviews,927,10%
Montana,"Prizes, Sweepstakes and Lotteries",648,7%
Montana,Banks and Lenders,432,4%
Montana,"Credit Bureaus, Information Furnishers and Report Users",365,4%
Montana,Auto Related,332,3%
Montana,"Privacy, Data Security, and Cyber Threats",267,3%
Montana,Health Care,250,3%
Montana,Internet Services,236,2%
Nebraska,Imposter Scams,"3,234",18%
Nebraska,Identity Theft,"2,673",15%
Nebraska,"Credit Bureaus, Information Furnishers and Report Users",2363,13%
Nebraska,Online Shopping and Negative Reviews,1313,7%
Nebraska,"Prizes, Sweepstakes and Lotteries",897,5%
Nebraska,Banks and Lenders,792,4%
Nebraska,Auto Related,580,3%
Nebraska,Health Care,517,3%
Nebraska,Internet Services,451,3%
Nebraska,Debt Collection,361,2%
Nevada,Identity Theft,"12,362",21%
Nevada,"Credit Bureaus, Information Furnishers and Report Users","11,361",19%
Nevada,Imposter Scams,"6,790",11%
Nevada,Online Shopping and Negative Reviews,"3,097",5%
Nevada,Banks and Lenders,"2,796",5%
Nevada,Auto Related,"2,167",4%
Nevada,Debt Collection,"1,796",3%
Nevada,"Prizes, Sweepstakes and Lotteries","1,731",3%
Nevada,Credit Cards and Loss Protection,1353,2%
Nevada,Health Care,1258,2%
New Hampshire,Imposter Scams,"3,037",21%
New Hampshire,Identity Theft,"1,892",13%
New Hampshire,Online Shopping and Negative Reviews,1460,10%
New Hampshire,Banks and Lenders,760,5%
New Hampshire,Auto Related,621,4%
New Hampshire,"Prizes, Sweepstakes and Lotteries",556,4%
New Hampshire,Health Care,498,3%
New Hampshire,"Credit Bureaus, Information Furnishers and Report Users",492,3%
New Hampshire,Internet Services,400,3%
New Hampshire,Telephone and Mobile Services,350,2%
New Jersey,Identity Theft,"26,136",20%
New Jersey,"Credit Bureaus, Information Furnishers and Report Users","21,593",17%
New Jersey,Imposter Scams,"17,346",14%
New Jersey,Online Shopping and Negative Reviews,"8,552",7%
New Jersey,Banks and Lenders,"6,746",5%
New Jersey,Auto Related,"4,363",3%
New Jersey,Credit Cards and Loss Protection,"3,594",3%
New Jersey,Debt Collection,"3,293",3%
New Jersey,Internet Services,"3,225",3%
New Jersey,"Prizes, Sweepstakes and Lotteries","2,995",2%
New Mexico,Imposter Scams,"4,352",21%
New Mexico,Identity Theft,"2,825",13%
New Mexico,Online Shopping and Negative Reviews,1600,8%
New Mexico,"Credit Bureaus, Information Furnishers and Report Users",1323,6%
New Mexico,"Prizes, Sweepstakes and Lotteries",1154,6%
New Mexico,Banks and Lenders,1028,5%
New Mexico,Auto Related,906,4%
New Mexico,Health Care,584,3%
New Mexico,Business and Job Opportunities,495,2%
New Mexico,Internet Services,477,2%
New York,Identity Theft,"51,484",20%
New York,"Credit Bureaus, Information Furnishers and Report Users","43,135",17%
New York,Imposter Scams,"36,386",14%
New York,Online Shopping and Negative Reviews,"18,807",7%
New York,Banks and Lenders,"13,468",5%
New York,Credit Cards and Loss Protection,"7,709",3%
New York,Internet Services,"7,581",3%
New York,Auto Related,"7,563",3%
New York,"Prizes, Sweepstakes and Lotteries","6,346",2%
New York,Health Care,"5,964",2%
North Carolina,"Credit Bureaus, Information Furnishers and Report Users","25,469",18%
North Carolina,Identity Theft,"25,142",18%
North Carolina,Imposter Scams,"19,713",14%
North Carolina,Online Shopping and Negative Reviews,"9,138",6%
North Carolina,Banks and Lenders,"6,831",5%
North Carolina,"Prizes, Sweepstakes and Lotteries","5,222",4%
North Carolina,Auto Related,"5,127",4%
North Carolina,Debt Collection,"4,231",3%
North Carolina,Health Care,"3,272",2%
North Carolina,Credit Cards and Loss Protection,"3,148",2%
North Dakota,Imposter Scams,1066,19%
North Dakota,Identity Theft,913,16%
North Dakota,Online Shopping and Negative Reviews,495,9%
North Dakota,"Prizes, Sweepstakes and Lotteries",385,7%
North Dakota,"Credit Bureaus, Information Furnishers and Report Users",359,6%
North Dakota,Banks and Lenders,222,4%
North Dakota,Debt Collection,186,3%
North Dakota,Auto Related,180,3%
North Dakota,Internet Services,136,2%
North Dakota,Health Care,118,2%
Ohio,Identity Theft,"34,616",24%
Ohio,Imposter Scams,"19,582",14%
Ohio,"Credit Bureaus, Information Furnishers and Report Users","14,315",10%
Ohio,Online Shopping and Negative Reviews,"9,104",6%
Ohio,Banks and Lenders,"7,132",5%
Ohio,Auto Related,"6,051",4%
Ohio,"Prizes, Sweepstakes and Lotteries","5,656",4%
Ohio,Debt Collection,"3,754",3%
Ohio,Health Care,"3,608",3%
Ohio,Internet Services,"3,395",2%
Oklahoma,Imposter Scams,"6,253",17%
Oklahoma,Identity Theft,"6,032",16%
Oklahoma,"Credit Bureaus, Information Furnishers and Report Users","3,088",8%
Oklahoma,Online Shopping and Negative Reviews,"2,642",7%
Oklahoma,"Prizes, Sweepstakes and Lotteries","2,154",6%
Oklahoma,Banks and Lenders,1815,5%
Oklahoma,Auto Related,1504,4%
Oklahoma,Debt Collection,1118,3%
Oklahoma,Health Care,1034,3%
Oklahoma,Telephone and Mobile Services,910,2%
Oregon,Imposter Scams,"11,092",23%
Oregon,Identity Theft,"7,444",15%
Oregon,Online Shopping and Negative Reviews,"4,288",9%
Oregon,Banks and Lenders,"2,750",6%
Oregon,"Prizes, Sweepstakes and Lotteries","2,487",5%
Oregon,"Credit Bureaus, Information Furnishers and Report Users","1,661",3%
Oregon,Auto Related,"1,523",3%
Oregon,Internet Services,1429,3%
Oregon,Health Care,1218,2%
Oregon,Credit Cards and Loss Protection,1113,2%
Pennsylvania,Identity Theft,"40,778",21%
Pennsylvania,"Credit Bureaus, Information Furnishers and Report Users","38,033",20%
Pennsylvania,Imposter Scams,"24,421",13%
Pennsylvania,Online Shopping and Negative Reviews,"11,868",6%
Pennsylvania,Banks and Lenders,"8,654",5%
Pennsylvania,"Prizes, Sweepstakes and Lotteries","6,187",3%
Pennsylvania,Auto Related,"5,182",3%
Pennsylvania,Debt Collection,"4,406",2%
Pennsylvania,Internet Services,"4,274",2%
Pennsylvania,Credit Cards and Loss Protection,"4,106",2%
Puerto Rico,"Credit Bureaus, Information Furnishers and Report Users","1,848",26%
Puerto Rico,Identity Theft,1690,23%
Puerto Rico,Imposter Scams,955,13%
Puerto Rico,Banks and Lenders,377,5%
Puerto Rico,Online Shopping and Negative Reviews,301,4%
Puerto Rico,Debt Collection,173,2%
Puerto Rico,Credit Cards and Loss Protection,161,2%
Puerto Rico,"Privacy, Data Security, and Cyber Threats",147,2%
Puerto Rico,Business and Job Opportunities,146,2%
Puerto Rico,Investment Related,142,2%
Rhode Island,Identity Theft,"2,357",20%
Rhode Island,Imposter Scams,"1,971",17%
Rhode Island,"Credit Bureaus, Information Furnishers and Report Users",1002,9%
Rhode Island,Online Shopping and Negative Reviews,926,8%
Rhode Island,Banks and Lenders,590,5%
Rhode Island,Auto Related,459,4%
Rhode Island,"Prizes, Sweepstakes and Lotteries",443,4%
Rhode Island,Credit Cards and Loss Protection,294,3%
Rhode Island,Internet Services,283,2%
Rhode Island,Health Care,283,2%
South Carolina,Identity Theft,"14,931",20%
South Carolina,"Credit Bureaus, Information Furnishers and Report Users","13,138",18%
South Carolina,Imposter Scams,"9,424",13%
South Carolina,Online Shopping and Negative Reviews,"4,217",6%
South Carolina,Banks and Lenders,"3,770",5%
South Carolina,Auto Related,"2,861",4%
South Carolina,"Prizes, Sweepstakes and Lotteries","2,774",4%
South Carolina,Debt Collection,"2,731",4%
South Carolina,Health Care,"1,570",2%
South Carolina,Internet Services,1474,2%
South Dakota,Imposter Scams,1123,19%
South Dakota,Identity Theft,833,14%
South Dakota,Online Shopping and Negative Reviews,589,10%
South Dakota,"Prizes, Sweepstakes and Lotteries",429,7%
South Dakota,Banks and Lenders,368,6%
South Dakota,"Credit Bureaus, Information Furnishers and Report Users",205,3%
South Dakota,Auto Related,195,3%
South Dakota,Debt Collection,170,3%
South Dakota,Telephone and Mobile Services,162,3%
South Dakota,Health Care,160,3%
Tennessee,Identity Theft,"12,709",15%
Tennessee,Imposter Scams,"12,139",14%
Tennessee,"Credit Bureaus, Information Furnishers and Report Users","10,758",13%
Tennessee,Online Shopping and Negative Reviews,"5,668",7%
Tennessee,Auto Related,"4,355",5%
Tennessee,Banks and Lenders,"3,915",5%
Tennessee,"Prizes, Sweepstakes and Lotteries","3,663",4%
Tennessee,Debt Collection,"3,197",4%
Tennessee,"Home Repair, Improvement and Products","2,916",3%
Tennessee,Health Care,2436,3%
Texas,Identity Theft,"101,002",24%
Texas,"Credit Bureaus, Information Furnishers and Report Users","89,767",21%
Texas,Imposter Scams,"46,880",11%
Texas,Online Shopping and Negative Reviews,"21,603",5%
Texas,Banks and Lenders,"18,632",4%
Texas,Debt Collection,"13,959",3%
Texas,Auto Related,"13,762",3%
Texas,"Prizes, Sweepstakes and Lotteries","10,108",2%
Texas,Business and Job Opportunities,"8,622",2%
Texas,Health Care,"8,148",2%
Utah,Imposter Scams,"6,193",20%
Utah,Identity Theft,"5,345",17%
Utah,Online Shopping and Negative Reviews,"2,746",9%
Utah,"Credit Bureaus, Information Furnishers and Report Users","1,624",5%
Utah,Banks and Lenders,1323,4%
Utah,"Prizes, Sweepstakes and Lotteries",1263,4%
Utah,Auto Related,1125,4%
Utah,Business and Job Opportunities,1072,3%
Utah,Health Care,922,3%
Utah,Investment Related,793,3%
Vermont,Imposter Scams,1560,26%
Vermont,Identity Theft,620,10%
Vermont,Online Shopping and Negative Reviews,591,10%
Vermont,Banks and Lenders,320,5%
Vermont,"Prizes, Sweepstakes and Lotteries",275,5%
Vermont,Auto Related,216,4%
Vermont,"Credit Bureaus, Information Furnishers and Report Users",176,3%
Vermont,Internet Services,167,3%
Vermont,Health Care,160,3%
Vermont,Credit Cards and Loss Protection,152,3%
Virginia,Identity Theft,"19,211",16%
Virginia,Imposter Scams,"18,613",16%
Virginia,"Credit Bureaus, Information Furnishers and Report Users","16,015",14%
Virginia,Online Shopping and Negative Reviews,"8,160",7%
Virginia,Banks and Lenders,"6,294",5%
Virginia,Auto Related,"4,330",4%
Virginia,"Prizes, Sweepstakes and Lotteries","4,067",3%
Virginia,Debt Collection,"3,351",3%
Virginia,Internet Services,"3,049",3%
Virginia,Health Care,"2,929",3%
Washington,Imposter Scams,"19,923",22%
Washington,Identity Theft,"12,582",14%
Washington,Online Shopping and Negative Reviews,"7,764",9%
Washington,Banks and Lenders,"4,463",5%
Washington,"Credit Bureaus, Information Furnishers and Report Users","4,138",5%
Washington,"Prizes, Sweepstakes and Lotteries","3,543",4%
Washington,Auto Related,"2,915",3%
Washington,Internet Services,"2,456",3%
Washington,"Privacy, Data Security, and Cyber Threats","2,371",3%
Washington,Health Care,"2,300",3%
West Virginia,Imposter Scams,"2,896",18%
West Virginia,Identity Theft,"1,977",13%
West Virginia,"Prizes, Sweepstakes and Lotteries","1,405",9%
West Virginia,Online Shopping and Negative Reviews,1392,9%
West Virginia,Banks and Lenders,868,6%
West Virginia,"Credit Bureaus, Information Furnishers and Report Users",710,5%
West Virginia,Auto Related,628,4%
West Virginia,Internet Services,582,4%
West Virginia,Telephone and Mobile Services,469,3%
West Virginia,Health Care,359,2%
Wisconsin,Imposter Scams,"10,077",19%
Wisconsin,Identity Theft,"8,301",15%
Wisconsin,Online Shopping and Negative Reviews,"4,804",9%
Wisconsin,"Credit Bureaus, Information Furnishers and Report Users","4,783",9%
Wisconsin,Banks and Lenders,"2,662",5%
Wisconsin,"Prizes, Sweepstakes and Lotteries","2,652",5%
Wisconsin,Auto Related,"1,932",4%
Wisconsin,Health Care,"1,600",3%
Wisconsin,Internet Services,"1,447",3%
Wisconsin,Telephone and Mobile Services,1347,2%
Wyoming,Imposter Scams,994,19%
Wyoming,Identity Theft,609,12%
Wyoming,Online Shopping and Negative Reviews,567,11%
Wyoming,"Prizes, Sweepstakes and Lotteries",342,7%
Wyoming,Banks and Lenders,292,6%
Wyoming,"Credit Bureaus, Information Furnishers and Report Users",220,4%
Wyoming,Internet Services,210,4%
Wyoming,Auto Related,186,4%
Wyoming,"Privacy, Data Security, and Cyber Threats",135,3%
Wyoming,Business and Job Opportunities,121,2%
Wyoming,Investment Related,116,3%
,,,
Percentages are based on the total number of 202 reports from the corresponding state's consumers. State-specific data contributor reports are excluded.,,,
,,,
"Source: Consumer Sentinel Network Data Book 202, Federal Trade Commission",,,
